{"180C - 0.5V": {"V_A": [12.035, 16.41, 21.195, 26.115000000000002, 31.035, 36.105000000000004, 41.135000000000005], "I": [0.0919, 0.1103, 0.1444, 0.1954, 0.2659, 0.3473, 0.4631], "Erro V_A": [0.14499999999999957, 0.8599999999999994, 0.8849999999999998, 0.9150000000000009, 0.9649999999999999, 0.9550000000000018, 1.004999999999999], "I_inf": [0.0911, 0.1058, 0.1309, 0.1706, 0.2265, 0.2925, 0.3919], "I_sup": [0.0915, 0.1039, 0.129, 0.168, 0.2186, 0.2895, 0.3701]}, "180C - 1.5V": {"V_A": [12.325, 16.619999999999997, 21.28, 26.115000000000002, 30.990000000000002, 35.8, 40.905], "I": [0.0866, 0.0953, 0.111, 0.132, 0.159, 0.192, 0.2381], "Erro V_A": [0.10499999999999954, 0.9399999999999995, 0.9900000000000002, 0.9049999999999994, 0.9700000000000006, 1.0899999999999999, 0.9549999999999983], "I_inf": [0.0859, 0.0926, 0.1035, 0.1181, 0.1365, 0.1612, 0.201], "I_sup": [0.0863, 0.0911, 0.1013, 0.1185, 0.1391, 0.1571, 0.2047]}, "180C - 2.5V": {"V_A": [12.585, 16.935, 21.525, 26.4, 31.25, 36.11, 41.07], "I": [0.0832, 0.0907, 0.1005, 0.1162, 0.1346, 0.1567, 0.1882], "Erro V_A": [0.6450000000000005, 1.0349999999999993, 1.1049999999999986, 0.9500000000000011, 0.9799999999999986, 1.0199999999999996, 1.0300000000000011], "I_inf": [0.0825, 0.0881, 0.0941, 0.1039, 0.1136, 0.1297, 0.1511], "I_sup": [0.0829, 0.0878, 0.0922, 0.1061, 0.1181, 0.1305, 0.1507]}, "190C - 0.5V": {"V_A": [17.38, 21.54, 26.395, 31.11, 35.99, 40.905], "I": [0.0982, 0.1151, 0.1365, 0.1676, 0.2089, 0.2618], "Erro V_A": [0.5500000000000007, 0.8599999999999994, 2.914999999999999, 0.9199999999999999, 1.0399999999999991, 0.9849999999999994], "I_inf": [0.0971, 0.1114, 0.129, 0.1534, 0.1886, 0.2299], "I_sup": [0.0975, 0.1091, 0.1084, 0.1504, 0.1774, 0.2201]}, "190C - 1.5V": {"V_A": [12.82, 17.075, 21.47, 26.225, 30.825000000000003, 35.74, 40.615], "I": [0.0881, 0.093, 0.1013, 0.1136, 0.129, 0.1504, 0.1755], "Erro V_A": [0.040000000000000036, 0.21499999999999986, 0.9100000000000001, 0.9450000000000003, 1.045, 0.9699999999999989, 0.9849999999999994], "I_inf": [0.0878, 0.0919, 0.0979, 0.1065, 0.117, 0.1342, 0.1526], "I_sup": [0.0878, 0.0926, 0.0979, 0.1069, 0.1133, 0.1335, 0.1523]}, "190C - 2.5V": {"V_A": [12.850000000000001, 17.405, 21.85, 26.605, 31.16, 36.03, 40.86], "I": [0.0863, 0.0889, 0.0941, 0.102, 0.1114, 0.1256, 0.1429], "Erro V_A": [0.79, 0.5150000000000006, 0.8399999999999999, 0.9349999999999987, 1.0500000000000007, 1.0399999999999991, 1.1000000000000014], "I_inf": [0.0851, 0.0878, 0.0911, 0.0953, 0.1013, 0.1099, 0.1223], "I_sup": [0.0855, 0.0885, 0.0919, 0.0971, 0.1001, 0.1099, 0.1185]}, "200C - 0.5V": {"V_A": [17.59, 22.15, 26.775, 31.424999999999997, 36.09, 40.93], "I": [0.0964, 0.1054, 0.117, 0.1354, 0.1586, 0.1841], "Erro V_A": [0.0, 0.16000000000000014, 0.7750000000000004, 0.8349999999999991, 0.9300000000000033, 0.990000000000002], "I_inf": [0.0964, 0.1046, 0.1151, 0.1316, 0.1504, 0.1725], "I_sup": [0.0964, 0.1054, 0.1151, 0.1301, 0.1481, 0.168]}, "200C - 1.5V": {"V_A": [17.485, 21.87, 26.424999999999997, 31.14, 35.86, 40.61], "I": [0.0896, 0.0941, 0.1009, 0.1099, 0.1215, 0.1357], "Erro V_A": [0.04499999999999993, 1.0899999999999999, 1.045, 0.9600000000000009, 0.9100000000000001, 0.990000000000002], "I_inf": [0.0896, 0.0926, 0.0979, 0.1046, 0.1129, 0.1234], "I_sup": [0.0896, 0.0919, 0.0968, 0.1039, 0.1148, 0.1234]}, "200C - 2.5V": {"V_A": [17.43, 22.175, 26.895000000000003, 31.490000000000002, 36.165, 41.045], "I": [0.0855, 0.0878, 0.0904, 0.0956, 0.102, 0.1088], "Erro V_A": [0.28000000000000114, 0.995000000000001, 0.8849999999999998, 1.049999999999999, 1.0850000000000009, 1.004999999999999], "I_inf": [0.0851, 0.0866, 0.0885, 0.0911, 0.0956, 0.1001], "I_sup": [0.0855, 0.0866, 0.0889, 0.0911, 0.0945, 0.1013]}}