{"180C - 0.5V": {"V_A": {"1": 16.41, "2": 21.195, "3": 26.115000000000002, "4": 31.035, "5": 36.105000000000004, "6": 41.135000000000005}, "I": {"1": 0.1103, "2": 0.1444, "3": 0.1954, "4": 0.2659, "5": 0.3473, "6": 0.4631}, "Erro V_A": {"1": 0.8599999999999994, "2": 0.8849999999999998, "3": 0.9150000000000009, "4": 0.9649999999999999, "5": 0.9550000000000018, "6": 1.004999999999999}, "V_A_inf": {"1": 15.55, "2": 20.31, "3": 25.2, "4": 30.07, "5": 35.15, "6": 40.13}, "V_A_sup": {"1": 17.27, "2": 22.08, "3": 27.03, "4": 32.0, "5": 37.06, "6": 42.14}}, "180C - 1.5V": {"V_A": {"1": 16.619999999999997, "2": 21.28, "3": 26.115000000000002, "4": 30.990000000000002, "5": 35.8, "6": 40.905}, "I": {"1": 0.0953, "2": 0.111, "3": 0.132, "4": 0.159, "5": 0.192, "6": 0.2381}, "Erro V_A": {"1": 0.9399999999999995, "2": 0.9900000000000002, "3": 0.9049999999999994, "4": 0.9700000000000006, "5": 1.0899999999999999, "6": 0.9549999999999983}, "V_A_inf": {"1": 15.68, "2": 20.29, "3": 25.21, "4": 30.02, "5": 34.71, "6": 39.95}, "V_A_sup": {"1": 17.56, "2": 22.27, "3": 27.02, "4": 31.96, "5": 36.89, "6": 41.86}}, "180C - 2.5V": {"V_A": {"1": 16.935, "2": 21.525, "3": 26.4, "4": 31.25, "5": 36.11, "6": 41.07}, "I": {"1": 0.0907, "2": 0.1005, "3": 0.1162, "4": 0.1346, "5": 0.1567, "6": 0.1882}, "Erro V_A": {"1": 1.0349999999999993, "2": 1.1049999999999986, "3": 0.9500000000000011, "4": 0.9799999999999986, "5": 1.0199999999999996, "6": 1.0300000000000011}, "V_A_inf": {"1": 15.9, "2": 20.42, "3": 25.45, "4": 30.27, "5": 35.09, "6": 40.04}, "V_A_sup": {"1": 17.97, "2": 22.63, "3": 27.35, "4": 32.23, "5": 37.13, "6": 42.1}}, "190C - 0.5V": {"V_A": {"1": 21.54, "2": 26.355, "3": 31.11, "4": 35.99, "5": 40.905}, "I": {"1": 0.1151, "2": 0.1373, "3": 0.1676, "4": 0.2089, "5": 0.2618}, "Erro V_A": {"1": 0.8599999999999994, "2": 0.8550000000000004, "3": 0.9199999999999999, "4": 1.0399999999999991, "5": 0.9849999999999994}, "V_A_inf": {"1": 20.68, "2": 25.5, "3": 30.19, "4": 34.95, "5": 39.92}, "V_A_sup": {"1": 22.4, "2": 27.21, "3": 32.03, "4": 37.03, "5": 41.89}}, "190C - 1.5V": {"V_A": {"2": 21.47, "3": 26.225, "4": 30.825000000000003, "5": 35.74, "6": 40.615}, "I": {"2": 0.1013, "3": 0.1136, "4": 0.129, "5": 0.1504, "6": 0.1755}, "Erro V_A": {"2": 0.9100000000000001, "3": 0.9450000000000003, "4": 1.045, "5": 0.9699999999999989, "6": 0.9849999999999994}, "V_A_inf": {"2": 20.56, "3": 25.28, "4": 29.78, "5": 34.77, "6": 39.63}, "V_A_sup": {"2": 22.38, "3": 27.17, "4": 31.87, "5": 36.71, "6": 41.6}}, "190C - 2.5V": {"V_A": {"0": 12.850000000000001, "1": 17.405, "2": 21.85, "3": 26.605, "4": 31.16, "5": 36.03, "6": 40.86}, "I": {"0": 0.0863, "1": 0.0889, "2": 0.0941, "3": 0.102, "4": 0.1114, "5": 0.1256, "6": 0.1429}, "Erro V_A": {"0": 0.79, "1": 0.5150000000000006, "2": 0.8399999999999999, "3": 0.9349999999999987, "4": 1.0500000000000007, "5": 1.0399999999999991, "6": 1.1000000000000014}, "V_A_inf": {"0": 12.06, "1": 16.89, "2": 21.01, "3": 25.67, "4": 30.11, "5": 34.99, "6": 39.76}, "V_A_sup": {"0": 13.64, "1": 17.92, "2": 22.69, "3": 27.54, "4": 32.21, "5": 37.07, "6": 41.96}}, "200C - 0.5V": {"V_A": {"1": 22.15, "2": 26.775, "3": 31.424999999999997, "4": 36.09, "5": 40.93}, "I": {"1": 0.1054, "2": 0.117, "3": 0.1354, "4": 0.1586, "5": 0.1841}, "Erro V_A": {"1": 0.16000000000000014, "2": 0.7750000000000004, "3": 0.8349999999999991, "4": 0.9300000000000033, "5": 0.990000000000002}, "V_A_inf": {"1": 21.99, "2": 26.0, "3": 30.59, "4": 35.16, "5": 39.94}, "V_A_sup": {"1": 22.31, "2": 27.55, "3": 32.26, "4": 37.02, "5": 41.92}}, "200C - 1.5V": {"V_A": {"1": 21.87, "2": 26.424999999999997, "3": 31.14, "4": 35.86, "5": 40.61}, "I": {"1": 0.0941, "2": 0.1009, "3": 0.1099, "4": 0.1215, "5": 0.1357}, "Erro V_A": {"1": 1.0899999999999999, "2": 1.045, "3": 0.9600000000000009, "4": 0.9100000000000001, "5": 0.990000000000002}, "V_A_inf": {"1": 20.78, "2": 25.38, "3": 30.18, "4": 34.95, "5": 39.62}, "V_A_sup": {"1": 22.96, "2": 27.47, "3": 32.1, "4": 36.77, "5": 41.6}}, "200C - 2.5V": {"V_A": {"0": 17.43, "1": 22.175, "2": 26.895000000000003, "3": 31.490000000000002, "4": 36.165, "5": 41.045}, "I": {"0": 0.0855, "1": 0.0878, "2": 0.0904, "3": 0.0956, "4": 0.102, "5": 0.1088}, "Erro V_A": {"0": 0.28000000000000114, "1": 0.995000000000001, "2": 0.8849999999999998, "3": 1.049999999999999, "4": 1.0850000000000009, "5": 1.004999999999999}, "V_A_inf": {"0": 17.15, "1": 21.18, "2": 26.01, "3": 30.44, "4": 35.08, "5": 40.04}, "V_A_sup": {"0": 17.71, "1": 23.17, "2": 27.78, "3": 32.54, "4": 37.25, "5": 42.05}}}