{"180C - 0.5V": {"V_A": {"1": 16.50034215498735, "2": 21.241366153906498, "3": 26.143004986923348, "4": 31.11871318296001, "5": 36.14155862287723, "6": 41.25043475912265}, "Desv_pad V_A": {"1": 1.1839535926793838, "2": 0.9317655092485884, "3": 0.8663698324697916, "4": 0.9562754798589184, "5": 0.9409667385998801, "6": 1.0445916392258092}, "Amplitude": {"1": 0.021486870887940584, "2": 0.03656452345734037, "3": 0.059890408684085364, "4": 0.1061535773430217, "5": 0.13950382396193664, "6": 0.21071111800617354}, "Intercepto": {"1": 0.08879786512226791, "2": 0.1077530358035404, "3": 0.1350232546949212, "4": 0.15923534340511356, "5": 0.207289138789086, "6": 0.2513053935080992}}, "180C - 1.5V": {"V_A": {"1": 16.74527134688853, "2": 21.33277182585418, "3": 26.07188623004715, "4": 30.91406648533948, "5": 35.83428349980902, "6": 40.853479840180256}, "Desv_pad V_A": {"1": 1.1158273901341431, "2": 0.9923303375053029, "3": 0.8790866954488457, "4": 0.8968563589107363, "5": 0.9350851352512861, "6": 0.9797016229099769}, "Amplitude": {"1": 0.009858542446418787, "2": 0.02114455653707655, "3": 0.032342038200978286, "4": 0.0491485426230125, "5": 0.0690482936079099, "6": 0.09421970773654148}, "Intercepto": {"1": 0.08541122100332876, "2": 0.08977383186839308, "3": 0.09933095570812706, "4": 0.10972974207227522, "5": 0.12300103852915006, "6": 0.14426841334928017}}, "180C - 2.5V": {"V_A": {"1": 17.013624699313677, "2": 21.597938259148254, "3": 26.34599500188169, "4": 31.192457758170328, "5": 36.08986594298222, "6": 41.09018204776278}, "Desv_pad V_A": {"1": 0.9401166466892077, "2": 0.9403064415311693, "3": 0.9017815446344795, "4": 0.9617779370104044, "5": 0.9894540970504849, "6": 0.9868563935610023}, "Amplitude": {"1": 0.006052759823545474, "2": 0.015558622503510828, "3": 0.02715696363062013, "4": 0.04568451517473016, "5": 0.06488765211277583, "6": 0.08687289544730767}, "Intercepto": {"1": 0.08476228181325916, "2": 0.08560503191005515, "3": 0.08870616165478362, "4": 0.08848068055565532, "5": 0.0917741262423998, "6": 0.10107887707541699}}, "190C - 0.5V": {"V_A": {"1": 21.75893754644551, "2": 26.429494566763978, "3": 31.21800547232371, "4": 36.12255163009476, "5": 40.984920339713035}, "Desv_pad V_A": {"1": 1.9261979747624174, "2": 1.1019011280520548, "3": 0.9187856812174325, "4": 1.0867640620192873, "5": 0.9213332484706506}, "Amplitude": {"1": 0.03607528377147641, "2": 0.028702439274332355, "3": 0.038841214392349534, "4": 0.06999635802822772, "5": 0.08018472323801346}, "Intercepto": {"1": 0.07831371324678672, "2": 0.10774856117699752, "3": 0.12815470821738956, "4": 0.13841698892856552, "5": 0.18121138254391633}}, "190C - 1.5V": {"V_A": {"2": 21.555045966741876, "3": 26.18773306618254, "4": 30.917175877640222, "5": 35.76469800106207, "6": 40.607970897994775}, "Desv_pad V_A": {"2": 0.9639702440579502, "3": 0.9137430761405456, "4": 0.8999735220065068, "5": 0.9254708609266702, "6": 0.942043231655208}, "Amplitude": {"2": 0.009512428230170967, "3": 0.01703978858199105, "4": 0.0268196824709115, "5": 0.0397295669744855, "6": 0.05275292076199122}, "Intercepto": {"2": 0.09190566326900196, "3": 0.09659984537132657, "4": 0.10205226341072214, "5": 0.11049643446888034, "6": 0.12287812111025373}}, "190C - 2.5V": {"V_A": {"0": 13.055791922917729, "1": 17.334887858655136, "2": 21.822831450366156, "3": 26.481094478366373, "4": 31.222584988967164, "5": 36.05354291503643, "6": 40.908749771971486}, "Desv_pad V_A": {"0": 0.9890265857109263, "1": 0.8605060609577531, "2": 0.9153945122110468, "3": 0.949239017107793, "4": 0.9364853553255778, "5": 0.9226791812223543, "6": 0.9516205521303354}, "Amplitude": {"0": 0.0008089201139610556, "1": 0.002591017182476648, "2": 0.006855366084980953, "3": 0.014017939935639908, "4": 0.02256356319073799, "5": 0.03322131816045706, "6": 0.04689594189048825}, "Intercepto": {"0": 0.08515493740329595, "1": 0.08637606118529131, "2": 0.0873709922897619, "3": 0.08781496075942631, "4": 0.08928877643126194, "5": 0.09282386829680926, "6": 0.0962954306062842}}, "200C - 0.5V": {"V_A": {"2": 26.90420436142128, "3": 31.58898222218632, "4": 36.19138498378856, "5": 41.056406123855}, "Desv_pad V_A": {"2": 2.5792461391940935, "3": 1.542066070591984, "4": 1.113218936484176, "5": 1.1839267025116866}, "Amplitude": {"2": 0.0393276234950405, "3": 0.028605149332500576, "4": 0.03139609414284483, "5": 0.04558379865998072}, "Intercepto": {"2": 0.07790623207333308, "3": 0.10640283466419109, "4": 0.12736208309612235, "5": 0.13789675053017778}}, "200C - 1.5V": {"V_A": {"1": 22.01097362764718, "2": 26.498099246726458, "3": 31.170726137371016, "4": 35.83407228213561, "5": 40.621319171599644}, "Desv_pad V_A": {"1": 3.3835637483714636, "2": 0.9322346994467406, "3": 0.9499751833741684, "4": 0.9448603999805804, "5": 0.9620834291094177}, "Amplitude": {"1": 0.030125932094177525, "2": 0.007513737537813159, "3": 0.013448222054000184, "4": 0.020425110900813954, "5": 0.029044459409557397}, "Intercepto": {"1": 0.06395290855922924, "2": 0.0931645348236645, "3": 0.0963562631907025, "4": 0.1012799264668976, "5": 0.1066234466880255}}, "200C - 2.5V": {"V_A": {"0": 17.784679247411937, "1": 22.24194853728333, "2": 26.81602746272678, "3": 31.551895126494436, "4": 36.20852840969669, "5": 41.01722506565894}, "Desv_pad V_A": {"0": 1.513901291513749, "1": 1.5992933832881429, "2": 1.1239606634500368, "3": 1.0556482053651144, "4": 0.9702567541766128, "5": 1.023001991338232}, "Amplitude": {"0": 0.0017103325442004336, "1": 0.006222686275260205, "2": 0.006368755595875968, "3": 0.01046389722986319, "4": 0.01553833957887409, "5": 0.022424284473466508}, "Intercepto": {"0": 0.08390290528483459, "1": 0.08174411046216763, "2": 0.0842506400528915, "3": 0.08485044275296112, "4": 0.08633175066241613, "5": 0.08666623637023674}}}