T_med_med,T_med_med_erro
180.18221924614875,0.007509173654018132
190.16835041314138,0.007671572163645269
200.0601647307532,0.008372257051606121
