T_med,T_med_desvpad
180.6496211251435,0.4733354075209092
179.90777649769583,0.391310766628097
179.98926011560692,0.2527454034686362
190.42342135476463,0.49921939567159673
189.99671658986173,0.25149000562829177
190.0849132947977,0.3842380906385784
200.1216151202749,0.4692801713482648
200.03648275862068,0.3619755239094586
200.02239631336406,0.4448506036797476
