T_med_med,T_med_med_erro
180.18221924614875,0.6641165282287272
190.16835041314138,0.6783112399505207
200.0601647307532,0.7410413070297901
