T_med_med,T_med_med_erro
180.18221924614875,0.2213721760762424
190.16835041314138,0.22610374665017355
200.0601647307532,0.24701376900993002
