Frequencia (10^14 Hz),Sigma (10^14 Hz)
4.996481456098397,0.08974864572328599
