Frequencia (10^14 Hz),Sigma (10^14 Hz)
6.522000727902381,0.18826456603905836
