Frequencia (10^14 Hz),Sigma (10^14 Hz)
5.902855132560383,0.22038239552732813
