Frequencia (10^14 Hz),Sigma (10^14 Hz)
7.639183593134074,0.2695146666605984
