Frequencia (10^14 Hz),Sigma (10^14 Hz)
4.715968868725091,0.10287552475799985
