Metodo,h (10^-34),Erro h (10^-34),Phi (unid?),Erro Phi (unid?)
M1,6.562917686715747,0.7794517123602608,4.096251063405698,0.48649549758819
M2,1.6608597820876814,0.2955018566640425,1.0366271486712744,0.18443775350840677
M3,7.01170342638031,0.5813150778644215,4.376361092373962,0.3628283363504324
